Antiguedad,Precio
4,260
8,210
11,170
5,240
9,200
2,320
14,130
6,230
10,190
12,150
3,280
13,140
7,220
15,120
5,250
9,210
13,140
6,240
10,200
14,130
8,220
12,160
4,260
10,200
11,180
7,230
14,130
6,240
12,160
5,250
9,210
13,140
6,240
10,200
14,130
8,220
12,160
4,260
10,200
11,180
7,230
14,130
6,240
12,160
5,250
9,210
13,140
6,240
10,200
14,130
8,220
12,160
4,260
10,200
11,180
7,230
14,130
6,240
12,160
5,250
9,210
13,140
6,240
10,200
14,130
8,220
12,160
4,260
10,200
11,180
7,230
14,130
6,240
12,160
5,250
9,210
13,140
6,240
10,200
14,130
8,220
12,160
